Query,Strategy,Latency,Products Retrieved,Products Used,Response Length,Error,Success
I need storage solutions for a small bathroom,basic,4.92,0,0,1331,False,True
I need storage solutions for a small bathroom,multi_query,7.99,0,0,1981,False,True
I need storage solutions for a small bathroom,hypothetical,12.84,0,0,1764,False,True
I need storage solutions for a small bathroom,step_back,9.35,0,0,1956,False,True
Looking for bedroom storage ideas,basic,5.98,0,0,1901,False,True
Looking for bedroom storage ideas,multi_query,10.71,0,0,3085,False,True
Looking for bedroom storage ideas,hypothetical,10.68,0,0,1408,False,True
Looking for bedroom storage ideas,step_back,8.12,0,0,1335,False,True
Need a compact storage solution for my home office,basic,5.53,0,0,1640,False,True
Need a compact storage solution for my home office,multi_query,8.70,0,0,2177,False,True
Need a compact storage solution for my home office,hypothetical,11.34,0,0,1491,False,True
Need a compact storage solution for my home office,step_back,8.66,0,0,2032,False,True
Looking for a comfortable office chair under $200,basic,4.45,0,0,1339,False,True
Looking for a comfortable office chair under $200,multi_query,7.02,0,0,1812,False,True
Looking for a comfortable office chair under $200,hypothetical,15.41,0,0,3149,False,True
Looking for a comfortable office chair under $200,step_back,8.17,0,0,1510,False,True
Need a small kitchen table for two people,basic,4.04,0,0,1214,False,True
Need a small kitchen table for two people,multi_query,7.66,0,0,2009,False,True
Need a small kitchen table for two people,hypothetical,11.92,0,0,2011,False,True
Need a small kitchen table for two people,step_back,7.48,0,0,1471,False,True
Want a cozy sofa for my apartment,basic,4.68,0,0,1384,False,True
Want a cozy sofa for my apartment,multi_query,9.91,0,0,2843,False,True
Want a cozy sofa for my apartment,hypothetical,15.44,0,0,2590,False,True
Want a cozy sofa for my apartment,step_back,10.01,0,0,2099,False,True
Help me organize my kitchen drawers,basic,5.48,0,0,1792,False,True
Help me organize my kitchen drawers,multi_query,7.88,0,0,2120,False,True
Help me organize my kitchen drawers,hypothetical,11.23,0,0,1470,False,True
Help me organize my kitchen drawers,step_back,8.36,0,0,1669,False,True
Need solutions for shoe storage,basic,6.47,0,0,1735,False,True
Need solutions for shoe storage,multi_query,8.59,0,0,2360,False,True
Need solutions for shoe storage,hypothetical,12.11,0,0,1285,False,True
Need solutions for shoe storage,step_back,9.32,0,0,1930,False,True
Looking for closet organization systems,basic,5.47,0,0,1702,False,True
Looking for closet organization systems,multi_query,7.95,0,0,2287,False,True
Looking for closet organization systems,hypothetical,12.86,0,0,1553,False,True
Looking for closet organization systems,step_back,9.93,0,0,1931,False,True
Want a standing desk with good cable management,basic,6.86,0,0,1998,False,True
Want a standing desk with good cable management,multi_query,7.11,0,0,1997,False,True
Want a standing desk with good cable management,hypothetical,13.13,0,0,1688,False,True
Want a standing desk with good cable management,step_back,10.04,0,0,1953,False,True
Need a murphy bed for my guest room,basic,7.11,0,0,1702,False,True
Need a murphy bed for my guest room,multi_query,7.87,0,0,1897,False,True
Need a murphy bed for my guest room,hypothetical,12.64,0,0,1693,False,True
Need a murphy bed for my guest room,step_back,8.08,0,0,1605,False,True
Looking for modular shelving systems,basic,4.78,0,0,1484,False,True
Looking for modular shelving systems,multi_query,6.25,0,0,1782,False,True
Looking for modular shelving systems,hypothetical,14.91,0,0,1919,False,True
Looking for modular shelving systems,step_back,8.63,0,0,1812,False,True
